idkikj,idj,name_latin,id_cg,NOM_AR,gou,gou_nom,reg,reg_nom,zon,zon_nom,cap_gou,dist_cap_gou,niveau_urbain,dist_cap_tunis,dist_port_export,population_2014,idr_2011,delegation,gouvernorat,firmsdeleg,firmsgouv
TN111,TN111,Carthage,TS1110,قرطاج,TS111,Tunis,TS11,Nord-est,TS1,Nord,1,1,(6) plus de 1 000 000,"16,9","8,9",24216,"0,513",1151,11,2792,150885
TN112,TN112,La  Medina,TS1111,المدينة,TS111,Tunis,TS11,Nord-est,TS1,Nord,0,"16,9",(6) plus de 1 000 000,1,"16,2",21400,"0,418",1152,11,5035,150885
TN113,TN113,Bab Bhar,TS1112,باب بحر,TS111,Tunis,TS11,Nord-est,TS1,Nord,0,"15,5",(6) plus de 1 000 000,"2,4","15,2",36210,1,1153,11,35979,150885
TN114,TN114,Bab Souika,TS1113,باب سويقة,TS111,Tunis,TS11,Nord-est,TS1,Nord,0,"17,1",(6) plus de 1 000 000,"2,1",17,29185,"0,922",1154,11,6064,150885
TN115,TN115,Elomrane,TS1114,العمران,TS111,Tunis,TS11,Nord-est,TS1,Nord,0,"17,5",(6) plus de 1 000 000,"3,7","18,3",42208,"0,42",1155,11,2297,150885
TN116,TN116,Elomrane Supérieur,TS1115,العمران  الأعلى,TS111,Tunis,TS11,Nord-est,TS1,Nord,0,"19,7",(6) plus de 1 000 000,"7,1","21,7",55513,"0,462",1156,11,4477,150885
TN117,TN117,Ettahrir,TS1116,التحرير,TS111,Tunis,TS11,Nord-est,TS1,Nord,0,"20,2",(6) plus de 1 000 000,"6,2","21,3",21709,"0,501",1157,11,1818,150885
TN118,TN118,El Menzah,TS1117,المنزه,TS111,Tunis,TS11,Nord-est,TS1,Nord,0,"16,6",(6) plus de 1 000 000,"5,3","18,8",41830,"0,654",1158,11,9829,150885
TN119,TN119,Cité Elkhadra,TS1118,حي الخضراء,TS111,Tunis,TS11,Nord-est,TS1,Nord,0,"11,7",(6) plus de 1 000 000,"7,2",14,35173,"0,791",1159,11,16937,150885
TN11A,TN11A,Le Bardo,TS1119,باردو,TS111,Tunis,TS11,Nord-est,TS1,Nord,0,"20,3",(6) plus de 1 000 000,"5,3","20,5",71961,"0,476",1160,11,8588,150885
TN11B,TN11B,Sijoumi,TS111A,السيجومي,TS111,Tunis,TS11,Nord-est,TS1,Nord,0,"17,9",(6) plus de 1 000 000,"2,3","16,4",33870,"0,317",1161,11,2797,150885
TN11C,TN11C,Ezzouhour,TS111B,الزهور,TS111,Tunis,TS11,Nord-est,TS1,Nord,0,"20,2",(6) plus de 1 000 000,"4,4","19,3",40728,"0,38",1162,11,3234,150885
TN11D,TN11D,Elhrairia,TS111C,الحرايرية,TS111,Tunis,TS11,Nord-est,TS1,Nord,0,"26,7",(6) plus de 1 000 000,"11,2","25,9",110184,"0,422",1163,11,7797,150885
TN11E,TN11E,Sidi Hassine,TS111D,سيدي حسين,TS111,Tunis,TS11,Nord-est,TS1,Nord,0,"26,8",(6) plus de 1 000 000,"11,2","23,8",109672,"0,397",1164,11,5500,150885
TN11F,TN11F,El Ourdia,TS111E,الوردية,TS111,Tunis,TS11,Nord-est,TS1,Nord,0,"17,4",(6) plus de 1 000 000,"5,3","13,8",32147,"0,401",1165,11,4393,150885
TN11G,TN11G,El Kabaria,TS111F,الكبارية,TS111,Tunis,TS11,Nord-est,TS1,Nord,0,"17,3",(6) plus de 1 000 000,"7,3","12,6",86024,"0,428",1166,11,3589,150885
TN11H,TN11H,Sidi El Bechir,TS111G,سيدي البشير,TS111,Tunis,TS11,Nord-est,TS1,Nord,0,"16,6",(6) plus de 1 000 000,"2,6","14,9",27749,"0,545",1167,11,290,150885
TN11I,TN11I,Djbel Djloud,TS111H,جبل الجلود,TS111,Tunis,TS11,Nord-est,TS1,Nord,0,"15,9",(6) plus de 1 000 000,"6,3","11,9",23638,"0,356",1168,11,1328,150885
TN11J,TN11J,La Goulette,TS111I,حلق الوادي,TS111,Tunis,TS11,Nord-est,TS1,Nord,0,"4,9",(6) plus de 1 000 000,"14,1",5,45711,"0,61",1169,11,2818,150885
TN11K,TN11K,lE Kram,TS111J,الكرم,TS111,Tunis,TS11,Nord-est,TS1,Nord,0,"5,8",(6) plus de 1 000 000,"12,4","9,2",74132,"0,48",1170,11,5986,150885
TN11L,TN11L,La Marsa,TS111K,المرسى,TS111,Tunis,TS11,Nord-est,TS1,Nord,0,"5,9",(6) plus de 1 000 000,"16,9","12,7",92987,"0,588",1171,11,19337,150885
TN121,TN121,Ariana Ville,TS1120,أريانة المدينة,TS112,Ariana,TS11,Nord-est,TS1,Nord,1,1,(6) plus de 1 000 000,"8,3","19,3",114486,"0,638",1251,12,22300,59954
TN122,TN122,Soukra,TS1121,سكرة,TS112,Ariana,TS11,Nord-est,TS1,Nord,0,"6,7",(6) plus de 1 000 000,"11,8","16,3",129693,"0,557",1252,12,12774,59954
TN123,TN123,Raoued,TS1122,رواد,TS112,Ariana,TS11,Nord-est,TS1,Nord,0,"8,8",(6) plus de 1 000 000,"16,1","23,5",106414,"0,531",1253,12,9149,59954
TN124,TN124,kalaât El Andalous,TS1123,قلعة الاندلس,TS112,Ariana,TS11,Nord-est,TS1,Nord,0,"19,8",(2) 10-20 000,27,"33,4",26796,"0,383",1254,12,1525,59954
TN125,TN125,Sidi Thabet,TS1124,سيدي ثابت,TS112,Ariana,TS11,Nord-est,TS1,Nord,0,15,(1) moins de 10 000,"19,7","33,3",24503,"0,358",1255,12,1427,59954
TN126,TN126,Cité Ettathamen,TS1125,حي التضامن,TS112,Ariana,TS11,Nord-est,TS1,Nord,0,"8,8",(6) plus de 1 000 000,"9,6","24,7",84312,"0,386",1256,12,6417,59954
TN127,TN127,EL Mnihla,TS1126,المنيهلة,TS112,Ariana,TS11,Nord-est,TS1,Nord,0,8,(6) plus de 1 000 000,"11,5","26,1",89884,"0,466",1257,12,6362,59954
TN131,TN131,Ben Arous,TS1130,بن عروس,TS113,Ben Arous,TS11,Nord-est,TS1,Nord,1,1,(6) plus de 1 000 000,"9,2","10,8",31128,"0,489",1351,13,4955,56953
TN132,TN132,La Nouvelle Medina,TS1131,المدينة الجديدة,TS113,Ben Arous,TS11,Nord-est,TS1,Nord,0,"3,5",(6) plus de 1 000 000,"11,6","9,8",57194,"0,468",1352,13,4361,56953
TN133,TN133,El Mourouj,TS1132,المروج,TS113,Ben Arous,TS11,Nord-est,TS1,Nord,0,"3,6",(6) plus de 1 000 000,"10,4",13,104538,"0,557",1353,13,8264,56953
TN134,TN134,Hammam Lif,TS1133,حمام الانف,TS113,Ben Arous,TS11,Nord-est,TS1,Nord,0,"12,2",(5) 100 000-1 000 000,"19,6","12,9",42518,"0,439",1354,13,4641,56953
TN135,TN135,Hammam Chott,TS1134,حمام الشط,TS113,Ben Arous,TS11,Nord-est,TS1,Nord,0,16,(5) 100 000-1 000 000,"23,7",17,31858,"0,456",1355,13,2554,56953
TN136,TN136,Bou Mhel El Bassatine,TS1135,بومهل البساتين,TS113,Ben Arous,TS11,Nord-est,TS1,Nord,0,"9,5",(5) 100 000-1 000 000,"17,4","12,1",40101,"0,51",1356,13,4012,56953
TN137,TN137,Ezzahra,TS1136,الزهراء,TS113,Ben Arous,TS11,Nord-est,TS1,Nord,0,"7,4",(5) 100 000-1 000 000,"14,9","9,1",34962,"0,523",1357,13,3642,56953
TN138,TN138,Radès,TS1137,رادس,TS113,Ben Arous,TS11,Nord-est,TS1,Nord,0,"6,8",(6) plus de 1 000 000,"12,2",5,59998,"0,504",1358,13,5738,56953
TN139,TN139,Megrine,TS1138,مقرين,TS113,Ben Arous,TS11,Nord-est,TS1,Nord,0,"3,7",(6) plus de 1 000 000,"8,6","8,9",26720,"0,54",1359,13,4866,56953
TN13A,TN13A,Mohamedia,TS1139,المحمدية,TS113,Ben Arous,TS11,Nord-est,TS1,Nord,0,"17,9",(4) 50-100 000,"19,6","27,6",66439,"0,37",1360,13,3584,56953
TN13B,TN13B,Fouchana,TS113A,فوشانة,TS113,Ben Arous,TS11,Nord-est,TS1,Nord,0,"7,4",(6) plus de 1 000 000,"12,3","16,9",74868,"0,475",1361,13,6197,56953
TN13C,TN13C,Mornag,TS113B,مرناق,TS113,Ben Arous,TS11,Nord-est,TS1,Nord,0,"18,4",(5) 100 000-1 000 000,"25,9","24,5",61518,"0,416",1362,13,4139,56953
TN141,TN141,Manouba,TS1140,منوبة,TS114,Manubah,TS11,Nord-est,TS1,Nord,1,1,(6) plus de 1 000 000,12,"27,1",58792,"0,57",1451,14,6756,28467
TN142,TN142,Douar Hicher,TS1141,دوار هيشر,TS114,Manubah,TS11,Nord-est,TS1,Nord,0,"3,3",(6) plus de 1 000 000,"12,7","27,9",84090,"0,398",1452,14,6126,28467
TN143,TN143,Oued Elil,TS1142,واد الليل,TS114,Manubah,TS11,Nord-est,TS1,Nord,0,"7,8",(6) plus de 1 000 000,"18,8","33,9",69317,"0,422",1453,14,4639,28467
TN144,TN144,Mornaguia,TS1143,المرناقية,TS114,Manubah,TS11,Nord-est,TS1,Nord,0,18,(2) 10-20 000,"25,5","38,3",42687,"0,383",1454,14,3405,28467
TN145,TN145,Borj Amri,TS1144,برج العامري,TS114,Manubah,TS11,Nord-est,TS1,Nord,0,"24,3",(1) moins de 10 000,"33,4","46,7",17408,"0,318",1455,14,1106,28467
TN146,TN146,Jedeida,TS1145,الجديدة,TS114,Manubah,TS11,Nord-est,TS1,Nord,0,"17,6",(3) 20-50000,"28,3","31,2",44748,"0,35",1456,14,2556,28467
TN147,TN147,Tebourba,TS1146,طبربة,TS114,Manubah,TS11,Nord-est,TS1,Nord,0,"31,6",(3) 20-50000,"42,6","34,1",43499,"0,319",1457,14,2950,28467
TN148,TN148,El Battane,TS1147,البطان,TS114,Manubah,TS11,Nord-est,TS1,Nord,0,"30,1",(1) moins de 10 000,"40,6","42,8",18977,"0,279",1458,14,929,28467
TN151,TN151,Nabeul,TS1150,نابل,TS115,Nabeul,TS11,Nord-est,TS1,Nord,1,1,(5) 100 000-1 000 000,"62,1","55,5",73128,"0,523",1551,15,9077,61569
TN152,TN152,Dar Chaabane,TS1151,دار شعبان الفهري,TS115,Nabeul,TS11,Nord-est,TS1,Nord,0,"6,7",(5) 100 000-1 000 000,"61,1","54,2",46781,"0,456",1552,15,3492,61569
TN153,TN153,Beni Khiar,TS1152,بني خيار,TS115,Nabeul,TS11,Nord-est,TS1,Nord,0,"11,5",(5) 100 000-1 000 000,"67,1",60,43132,"0,424",1553,15,3228,61569
TN154,TN154,Korba,TS1153,قربة,TS115,Nabeul,TS11,Nord-est,TS1,Nord,0,"21,4",(3) 20-50000,"64,9","57,8",68964,"0,392",1554,15,4196,61569
TN155,TN155,Menzel Temime,TS1154,منزل تميم,TS115,Nabeul,TS11,Nord-est,TS1,Nord,0,"43,6",(3) 20-50000,"70,7","61,8",65645,"0,357",1555,15,3595,61569
TN156,TN156,EL Mida,TS1155,الميدة,TS115,Nabeul,TS11,Nord-est,TS1,Nord,0,"32,6",(1) moins de 10 000,"64,3",56,26995,"0,339",1556,15,1066,61569
TN157,TN157,Kelibia,TS1156,قليبية,TS115,Nabeul,TS11,Nord-est,TS1,Nord,0,"56,5",(4) 50-100 000,"81,6","72,5",58491,"0,38",1557,15,4292,61569
TN158,TN158,Hammam El Guezaz,TS1157,حمام الغزاز,TS115,Nabeul,TS11,Nord-est,TS1,Nord,0,63,(1) moins de 10 000,"86,5","77,4",15727,"0,293",1558,15,733,61569
TN159,TN159,El Houaria,TS1158,الهوارية,TS115,Nabeul,TS11,Nord-est,TS1,Nord,0,"60,7",(1) moins de 10 000,"73,9","64,8",41317,"0,304",1559,15,1830,61569
TN15A,TN15A,Takelsa,TS1159,تاكلسة,TS115,Nabeul,TS11,Nord-est,TS1,Nord,0,"39,1",(3) 20-50000,"48,6","39,6",22151,"0,298",1560,15,1003,61569
TN15B,TN15B,Sliman,TS115A,سليمان,TS115,Nabeul,TS11,Nord-est,TS1,Nord,0,32,(5) 100 000-1 000 000,"35,4","28,3",53491,"0,478",1561,15,4515,61569
TN15C,TN15C,Menzel Bouzelfa,TS115B,منزل بوزلفة,TS115,Nabeul,TS11,Nord-est,TS1,Nord,0,"26,4",(5) 100 000-1 000 000,49,"41,4",37860,"0,372",1562,15,2334,61569
TN15D,TN15D,Beni Khaled,TS115C,بني خلاد,TS115,Nabeul,TS11,Nord-est,TS1,Nord,0,"18,2",(5) 100 000-1 000 000,"50,3","43,2",37964,"0,399",1563,15,2786,61569
TN15E,TN15E,Grombelia,TS115D,قرمبالية,TS115,Nabeul,TS11,Nord-est,TS1,Nord,0,"27,8",(3) 20-50000,"35,6","29,6",67475,"0,458",1564,15,6689,61569
TN15F,TN15F,Bouargoub,TS115E,بوعرقوب,TS115,Nabeul,TS11,Nord-est,TS1,Nord,0,"12,8",(2) 10-20 000,"50,3","43,8",30942,"0,35",1565,15,2070,61569
TN15G,TN15G,Hammamet,TS115F,الحمامات,TS115,Nabeul,TS11,Nord-est,TS1,Nord,0,"19,2",(5) 100 000-1 000 000,"52,5","47,5",97855,"0,527",1566,15,10663,61569
TN161,TN161,Zaghouan,TS1160,زغوان,TS116,Zaghouan,TS11,Nord-est,TS1,Nord,1,1,(2) 10-20 000,"45,2","46,5",38445,"0,417",1651,16,3397,11014
TN162,TN162,Ez Zeriba,TS1161,الزريبة,TS116,Zaghouan,TS11,Nord-est,TS1,Nord,0,13,(2) 10-20 000,"56,4","56,5",24617,"0,366",1652,16,1234,11014
TN163,TN163,Bir Mchergua,TS1162,بئر مشارقة,TS116,Zaghouan,TS11,Nord-est,TS1,Nord,0,"22,3",(1) moins de 10 000,"37,2","44,1",24387,"0,425",1653,16,1602,11014
TN164,TN164,Elfahs,TS1163,الفحص,TS116,Zaghouan,TS11,Nord-est,TS1,Nord,0,"34,8",(3) 20-50000,"66,9",73,46449,"0,297",1654,16,2682,11014
TN165,TN165,En Nadhour,TS1164,الناظور,TS116,Zaghouan,TS11,Nord-est,TS1,Nord,0,"37,8",(1) moins de 10 000,"79,7","73,6",30366,"0,162",1655,16,1721,11014
TN166,TN166,Saouef,TS1165,صواف,TS116,Zaghouan,TS11,Nord-est,TS1,Nord,0,"23,6",(1) moins de 10 000,"67,9","66,5",12681,"0,162",1656,16,378,11014
TN171,TN171,Bizerte Nord,TS1170,بنزرت الشمالية,TS117,Bizerte,TS11,Nord-est,TS1,Nord,1,1,(5) 100 000-1 000 000,"65,6","26,3",87307,"0,485",1751,17,11922,37429
TN172,TN172,Zarzouna,TS1171,جرزونة,TS117,Bizerte,TS11,Nord-est,TS1,Nord,0,"8,9",(5) 100 000-1 000 000,"57,9","21,5",24793,"0,423",1752,17,1718,37429
TN173,TN173,Bizerte Sud,TS1172,بنزرت الجنوبية,TS117,Bizerte,TS11,Nord-est,TS1,Nord,0,"17,4",(5) 100 000-1 000 000,"69,8","26,7",55659,"0,368",1753,17,238,37429
TN174,TN174,Sedjnene,TS1173,سجنان,TS117,Bizerte,TS11,Nord-est,TS1,Nord,0,"55,5",(1) moins de 10 000,"92,4","56,5",40166,"0,154",1754,17,1640,37429
TN175,TN175,Djoumine,TS1174,جومين,TS117,Bizerte,TS11,Nord-est,TS1,Nord,0,"62,3",(1) moins de 10 000,"73,4","52,3",29029,"0,14",1755,17,807,37429
TN176,TN176,Mateur,TS1175,ماطر,TS117,Bizerte,TS11,Nord-est,TS1,Nord,0,"39,6",(3) 20-50000,"53,1","26,2",46975,"0,346",1756,17,3337,37429
TN177,TN177,Ghezella,TS1176,غزالة,TS117,Bizerte,TS11,Nord-est,TS1,Nord,0,"41,5",(1) moins de 10 000,"72,5","37,5",26977,"0,166",1757,17,894,37429
TN178,TN178,Menzel Bourguiba,TS1177,منزل بورقيبة,TS117,Bizerte,TS11,Nord-est,TS1,Nord,0,"22,3",(4) 50-100 000,"48,1",5,61919,"0,406",1758,17,4538,37429
TN179,TN179,Tinja,TS1178,تينجة,TS117,Bizerte,TS11,Nord-est,TS1,Nord,0,"22,2",(4) 50-100 000,"54,8","12,9",23455,"0,323",1759,17,1215,37429
TN17A,TN17A,Utique,TS1179,اوتيك,TS117,Bizerte,TS11,Nord-est,TS1,Nord,0,"33,1",(1) moins de 10 000,"34,4","18,9",19922,"0,325",1760,17,972,37429
TN17B,TN17B,Ghar El Meleh,TS117A,غار الملح,TS117,Bizerte,TS11,Nord-est,TS1,Nord,0,"31,1",(1) moins de 10 000,"42,3","31,5",19477,"0,358",1761,17,1139,37429
TN17C,TN17C,Menzel Djmil,TS117B,منزل جميل,TS117,Bizerte,TS11,Nord-est,TS1,Nord,0,"15,6",(5) 100 000-1 000 000,52,"20,9",47224,"0,446",1762,17,3450,37429
TN17D,TN17D,El Alia,TS117C,العالية,TS117,Bizerte,TS11,Nord-est,TS1,Nord,0,"22,6",(2) 10-20 000,45,"20,9",27075,"0,396",1763,17,1839,37429
TN17E,TN17E,Ras Djbel,TS117D,راس الجبل,TS117,Bizerte,TS11,Nord-est,TS1,Nord,0,"27,1",(3) 20-50000,"49,2","32,7",58241,"0,429",1764,17,3720,37429
TN211,TN181,Béja Nord,TS1210,باجة الشمالية,TS121,Beja,TS12,Nord-ouest,TS1,Nord,1,1,(4) 50-100 000,"87,3",70,71198,"0,339",2151,21,5742,18312
TN212,TN182,Béja Sud,TS1211,باجة الجنوبية,TS121,Beja,TS12,Nord-ouest,TS1,Nord,0,"19,2",(4) 50-100 000,"93,3","84,2",38101,"0,299",2152,21,2414,18312
TN213,TN183,Amdoun,TS1212,عمدون,TS121,Beja,TS12,Nord-ouest,TS1,Nord,0,"18,9",(1) moins de 10 000,"105,3",86,21187,"0,205",2153,21,890,18312
TN214,TN184,Nefza,TS1213,نفزة,TS121,Beja,TS12,Nord-ouest,TS1,Nord,0,"26,4",(1) moins de 10 000,"104,5","76,5",48101,"0,173",2154,21,2043,18312
TN215,TN185,Teboursouk,TS1214,تبرسق,TS121,Beja,TS12,Nord-ouest,TS1,Nord,0,"39,4",(2) 10-20 000,"94,7","96,1",22115,"0,291",2155,21,1328,18312
TN216,TN186,Tibar,TS1215,تيبار,TS121,Beja,TS12,Nord-ouest,TS1,Nord,0,38,(1) moins de 10 000,"105,9",102,11206,"0,241",2156,21,456,18312
TN217,TN187,Testour,TS1216,تستور,TS121,Beja,TS12,Nord-ouest,TS1,Nord,0,"31,6",(2) 10-20 000,"73,3","74,8",33613,"0,245",2157,21,1792,18312
TN218,TN188,Goubellat,TS1217,قبلاط,TS121,Beja,TS12,Nord-ouest,TS1,Nord,0,53,(1) moins de 10 000,55,"66,1",15762,"0,249",2158,21,526,18312
TN219,TN189,Mdjez Elbeb,TS1218,مجاز الباب,TS121,Beja,TS12,Nord-ouest,TS1,Nord,0,"37,8",(3) 20-50000,"53,6","55,6",41749,"0,354",2159,21,3121,18312
TN221,TN191,Jendouba,TS122,جندوبة,TS122,Jendouba,TS12,Nord-ouest,TS1,Nord,1,1,(3) 20-50000,"131,5","123,8",72337,"0,291",2251,22,5596,20180
TN222,TN192,Jendouba Nord,TS1221,جندوبة الشمالية,TS122,Jendouba,TS12,Nord-ouest,TS1,Nord,0,"14,5",(3) 20-50000,"139,6","127,6",40779,"0,234",2252,22,1641,20180
TN223,TN193,Bou Salem,TS1222,بوسالم,TS122,Jendouba,TS12,Nord-ouest,TS1,Nord,0,"19,4",(3) 20-50000,"114,4","105,4",35501,"0,286",2253,22,2831,20180
TN224,TN194,Tabarka,TS1223,طبرقة,TS122,Jendouba,TS12,Nord-ouest,TS1,Nord,0,"51,5",(2) 10-20 000,"124,9","99,8",48993,"0,273",2254,22,2820,20180
TN225,TN195,Ain Drahem,TS1224,عين دراهم,TS122,Jendouba,TS12,Nord-ouest,TS1,Nord,0,"38,5",(2) 10-20 000,"136,8",116,35400,"0,089",2255,22,1431,20180
TN226,TN196,Fernana,TS1225,فرنانة,TS122,Jendouba,TS12,Nord-ouest,TS1,Nord,0,"27,7",(1) moins de 10 000,"143,1","126,5",47690,"0,091",2256,22,1667,20180
TN227,TN197,Ghardimaou,TS1226,غار الدماء,TS122,Jendouba,TS12,Nord-ouest,TS1,Nord,0,"42,6",(3) 20-50000,"170,9","157,1",64170,"0,188",2257,22,2975,20180
TN228,TN198,Oued Mliz,TS1227,وادي مليز,TS122,Jendouba,TS12,Nord-ouest,TS1,Nord,0,"24,3",(1) moins de 10 000,"153,9","142,8",17843,"0,099",2258,22,697,20180
TN229,TN199,Balta Bou Aouane,TS1228,بلطة بوعوان,TS122,Jendouba,TS12,Nord-ouest,TS1,Nord,0,"28,9",(1) moins de 10 000,"117,4","101,6",38764,"0,16",2259,22,522,20180
TN231,TN1A1,Kef Ouest,TS1230,الكاف الغربية,TS123,Le Kef,TS12,Nord-ouest,TS1,Nord,1,1,(3) 20-50000,"162,5","161,6",33418,"0,331",2351,23,1326,12300
TN232,TN1A2,Kef Est,TS1231,الكاف الشرقية,TS123,Le Kef,TS12,Nord-ouest,TS1,Nord,0,"24,2",(3) 20-50000,"140,7","143,3",40288,"0,337",2352,23,3778,12300
TN233,TN1A3,Nebeur,TS1232,نبر,TS123,Le Kef,TS12,Nord-ouest,TS1,Nord,0,"24,8",(1) moins de 10 000,"142,5","138,6",25897,"0,141",2353,23,1070,12300
TN234,TN1A4,Sakiet Sidi Youssef,TS1233,ساقية سيدي يوسف,TS123,Le Kef,TS12,Nord-ouest,TS1,Nord,0,19,(1) moins de 10 000,"176,9","172,3",17500,"0,102",2354,23,617,12300
TN235,TN1A5,Tajerouine,TS1234,تاجروين,TS123,Le Kef,TS12,Nord-ouest,TS1,Nord,0,"23,4",(2) 10-20 000,"179,2","181,8",27592,"0,212",2355,23,1399,12300
TN236,TN1A6,Kalaât Snan,TS1235,قلعة سنان,TS123,Le Kef,TS12,Nord-ouest,TS1,Nord,0,"47,2",(1) moins de 10 000,"203,6","206,8",15621,"0,141",2356,23,505,12300
TN237,TN1A7,Kalaât Khesba,TS1236,القلعة الخصبة,TS123,Le Kef,TS12,Nord-ouest,TS1,Nord,0,"51,1",(1) moins de 10 000,"197,6","203,2",6652,"0,104",2357,23,219,12300
TN238,TN1A8,Djerissa,TS1237,الجريصة,TS123,Le Kef,TS12,Nord-ouest,TS1,Nord,0,"38,2",(1) moins de 10 000,"181,7","188,7",9807,"0,14",2358,23,387,12300
TN239,TN1A9,Elksour,TS1238,القصور,TS123,Le Kef,TS12,Nord-ouest,TS1,Nord,0,"47,3",(1) moins de 10 000,"158,9","163,3",15215,"0,171",2359,23,660,12300
TN23A,TN1AA,Dahmani,TS1239,الدهماني,TS123,Le Kef,TS12,Nord-ouest,TS1,Nord,0,"29,1",(2) 10-20 000,160,"167,3",27907,"0,218",2360,23,1291,12300
TN23B,TN1AB,Es Seres,TS123A,السرس,TS123,Le Kef,TS12,Nord-ouest,TS1,Nord,0,"36,9",(2) 10-20 000,"138,8","147,5",23259,"0,201",2361,23,1048,12300
TN241,TN1B1,Siliana Nord,TS1240,سليانة الشمالية,TS124,Siliana,TS12,Nord-ouest,TS1,Nord,1,1,(3) 20-50000,"118,8","127,5",28907,"0,325",2451,24,3365,10362
TN242,TN1B2,Siliana Sud,TS1241,سليانة الجنوبية,TS124,Siliana,TS12,Nord-ouest,TS1,Nord,0,15,(3) 20-50000,"120,1","121,3",30233,"0,256",2452,24,134,10362
TN243,TN1B3,Bou Arada,TS1242,بوعرادة,TS124,Siliana,TS12,Nord-ouest,TS1,Nord,0,"42,4",(2) 10-20 000,"77,4","86,2",20444,"0,278",2453,24,870,10362
TN244,TN1B4,Gaâfour,TS1243,قعفور,TS124,Siliana,TS12,Nord-ouest,TS1,Nord,0,"23,2",(1) moins de 10 000,"100,1","109,9",16934,"0,211",2454,24,775,10362
TN245,TN1B5,El Krib,TS1244,الكريب,TS124,Siliana,TS12,Nord-ouest,TS1,Nord,0,"39,5",(1) moins de 10 000,"112,7","115,1",20155,"0,255",2455,24,1043,10362
TN246,TN1B6,Bourouis,TS1245,بورويس,TS124,Siliana,TS12,Nord-ouest,TS1,Nord,0,"22,1",(1) moins de 10 000,"119,7","128,7",12618,"0,2",2456,24,487,10362
TN247,TN1B7,Makthar,TS1246,مكثر,TS124,Siliana,TS12,Nord-ouest,TS1,Nord,0,"26,7",(2) 10-20 000,144,"143,5",29052,"0,223",2457,24,1477,10362
TN248,TN1B8,Er Rouhia,TS1247,الروحية,TS124,Siliana,TS12,Nord-ouest,TS1,Nord,0,"47,7",(1) moins de 10 000,"160,1","140,8",25951,"0,115",2458,24,779,10362
TN249,TN1B9,Kesra,TS1248,كسرى,TS124,Siliana,TS12,Nord-ouest,TS1,Nord,0,"31,9",(1) moins de 10 000,"137,5","122,3",16404,"0,124",2459,24,595,10362
TN24A,TN1BA,Bargou,TS1249,برقو,TS124,Siliana,TS12,Nord-ouest,TS1,Nord,0,"31,5",(1) moins de 10 000,"95,9","102,8",12482,"0,175",2460,24,531,10362
TN24B,TN1BB,El Aroussa,TS124A,العروسة,TS124,Siliana,TS12,Nord-ouest,TS1,Nord,0,"41,5",(1) moins de 10 000,"82,1","92,7",9907,"0,162",2461,24,306,10362
TN311,TN211,Sousse Medina,TS2110,سوسة المدينة,TS211,Sousse,TS21,Centre-est,TS2,Centre,1,1,(5) 100 000-1 000 000,119,5,35288,"0,686",3151,31,14772,62117
TN312,TN212,Sousse Riadh,TS2111,سوسة الرياض,TS211,Sousse,TS21,Centre-est,TS2,Centre,0,"6,8",(5) 100 000-1 000 000,"123,4","10,8",64532,"0,465",3152,31,4703,62117
TN313,TN213,Sousse Jawhara,TS2112,سوسة جوهرة,TS211,Sousse,TS21,Centre-est,TS2,Centre,0,"4,2",(5) 100 000-1 000 000,"122,1","8,2",86517,"0,679",3153,31,5183,62117
TN314,TN214,Sousse Sidi Abedelhamid,TS2113,سوسة سيدي عبد الحميد,TS211,Sousse,TS21,Centre-est,TS2,Centre,0,"3,8",(5) 100 000-1 000 000,"118,4","7,8",52787,"0,657",3154,31,697,62117
TN315,TN215,Hammam Sousse,TS2114,حمام سوسة,TS211,Sousse,TS21,Centre-est,TS2,Centre,0,7,(5) 100 000-1 000 000,"113,5",11,42691,"0,624",3155,31,7731,62117
TN316,TN216,Akouda,TS2115,اكودة,TS211,Sousse,TS21,Centre-est,TS2,Centre,0,"14,3",(5) 100 000-1 000 000,"106,3","18,3",34494,"0,551",3156,31,3570,62117
TN317,TN217,Kalaâ Kebira,TS2116,القلعة الكبرى,TS211,Sousse,TS21,Centre-est,TS2,Centre,0,21,(5) 100 000-1 000 000,"108,3",25,59132,"0,432",3157,31,3776,62117
TN318,TN218,Sid Bou Ali,TS2117,سيدي بوعلي,TS211,Sousse,TS21,Centre-est,TS2,Centre,0,"26,8",(1) moins de 10 000,"97,5","30,8",19543,"0,382",3158,31,1183,62117
TN319,TN219,Hergla,TS2118,هرقلة,TS211,Sousse,TS21,Centre-est,TS2,Centre,0,30,(1) moins de 10 000,"91,6",34,9343,"0,407",3159,31,711,62117
TN31A,TN21A,Enfidha,TS2119,النفيضة,TS211,Sousse,TS21,Centre-est,TS2,Centre,0,"45,3",(2) 10-20 000,"78,5","49,3",49335,"0,348",3160,31,2845,62117
TN31B,TN21B,Bouficha,TS211A,بوفيشة,TS211,Sousse,TS21,Centre-est,TS2,Centre,0,"55,3",(2) 10-20 000,"64,8","59,3",26760,"0,33",3161,31,1539,62117
TN31C,TN21C,Kondar,TS211B,الكندار,TS211,Sousse,TS21,Centre-est,TS2,Centre,0,"37,9",(1) moins de 10 000,"99,2","41,9",13565,"0,313",3162,31,814,62117
TN31D,TN21D,Sidi El Hèni,TS211C,سيدي الهاني,TS211,Sousse,TS21,Centre-est,TS2,Centre,0,32,(1) moins de 10 000,"122,4",36,13505,"0,297",3163,31,613,62117
TN31E,TN21E,Msaken,TS211D,مساكن,TS211,Sousse,TS21,Centre-est,TS2,Centre,0,"20,2",(5) 100 000-1 000 000,132,"24,2",97225,"0,518",3164,31,9043,62117
TN31F,TN21F,Kalaâ Seghira,TS211E,القلعة الصغرى,TS211,Sousse,TS21,Centre-est,TS2,Centre,0,"16,8",(5) 100 000-1 000 000,"117,2","20,8",37797,"0,421",3165,31,2605,62117
TN31G,TN21G,Zaouia Ksiba Thrayet,TS211F,زاوية قصيبة الثريات,TS211,Sousse,TS21,Centre-est,TS2,Centre,0,"6,8",(5) 100 000-1 000 000,"123,4","10,8",32304,"0,465",3166,31,2332,62117
TN321,TN221,Monastir,TS2120,المنستير,TS212,Monastir,TS21,Centre-est,TS2,Centre,1,1,(5) 100 000-1 000 000,"133,9","22,4",104535,"0,62",3251,32,10520,43099
TN322,TN222,Werdanine,TS2121,الوردانين,TS212,Monastir,TS21,Centre-est,TS2,Centre,0,"12,9",(3) 20-50000,"133,6","19,8",21814,"0,411",3252,32,1258,43099
TN323,TN223,Sahline,TS2122,الساحلين,TS212,Monastir,TS21,Centre-est,TS2,Centre,0,"8,2",(5) 100 000-1 000 000,"131,7","17,9",27449,"0,465",3253,32,2446,43099
TN324,TN224,Zarmdine,TS2123,زرمدين,TS212,Monastir,TS21,Centre-est,TS2,Centre,0,"27,1",(4) 50-100 000,"148,4","36,5",29733,"0,339",3254,32,1651,43099
TN325,TN225,Beni Hassen,TS2124,بني حسان,TS212,Monastir,TS21,Centre-est,TS2,Centre,0,"24,4",(1) moins de 10 000,"154,1","40,1",13869,"0,372",3255,32,975,43099
TN326,TN226,Jammel,TS2125,جمال,TS212,Monastir,TS21,Centre-est,TS2,Centre,0,"16,1",(4) 50-100 000,"142,9",29,65420,"0,466",3256,32,5804,43099
TN327,TN227,Benbla,TS2126,بنبلة,TS212,Monastir,TS21,Centre-est,TS2,Centre,0,"8,4",(5) 100 000-1 000 000,"139,4","25,8",32555,"0,468",3257,32,2350,43099
TN328,TN228,Moknine,TS2127,المكنين,TS212,Monastir,TS21,Centre-est,TS2,Centre,0,"24,9",(5) 100 000-1 000 000,"157,5","43,9",89277,"0,446",3258,32,5023,43099
TN329,TN229,Bekalta,TS2128,البقالطة,TS212,Monastir,TS21,Centre-est,TS2,Centre,0,"28,4",(5) 100 000-1 000 000,"158,7","49,8",17850,"0,388",3259,32,1149,43099
TN32A,TN22A,Teboulba,TS2129,طبلبة,TS212,Monastir,TS21,Centre-est,TS2,Centre,0,"21,8",(5) 100 000-1 000 000,"152,5","43,2",37485,"0,453",3260,32,3043,43099
TN32B,TN22B,Ksar Hlel,TS212A,قصر هلال,TS212,Monastir,TS21,Centre-est,TS2,Centre,0,"15,5",(5) 100 000-1 000 000,"148,2","36,5",49376,"0,507",3261,32,4572,43099
TN32C,TN22C,Ksibet El Mediouni,TS212B,قصيبة المديوني,TS212,Monastir,TS21,Centre-est,TS2,Centre,0,"12,3",(3) 20-50000,"145,2","32,5",34576,"0,441",3262,32,2455,43099
TN32D,TN22D,Sayada- Lamta- Bouhjar,TS212C,صيادة لمطة بوحجر,TS212,Monastir,TS21,Centre-est,TS2,Centre,0,"14,4",(5) 100 000-1 000 000,"146,5","35,7",24889,"0,472",3263,32,1853,43099
TN331,TN231,Mahdia,TS2130,المهدية,TS213,Mahdia,TS21,Centre-est,TS2,Centre,1,1,(4) 50-100 000,"166,6","54,1",79545,"0,482",3351,33,6437,26194
TN332,TN232,Bou Merdès,TS2131,بومرداس,TS213,Mahdia,TS21,Centre-est,TS2,Centre,0,"26,8",(1) moins de 10 000,"163,7","50,7",33890,"0,309",3352,33,1916,26194
TN333,TN233,Ouled Chamekh,TS2132,اولاد شامخ,TS213,Mahdia,TS21,Centre-est,TS2,Centre,0,"62,2",(1) moins de 10 000,"153,3","56,8",23020,"0,175",3353,33,1020,26194
TN334,TN234,Chorbène,TS2133,شربان,TS213,Mahdia,TS21,Centre-est,TS2,Centre,0,"60,1",(1) moins de 10 000,"181,2","68,2",25935,"0,224",3354,33,1532,26194
TN335,TN235,Hebira,TS2134,هبيرة,TS213,Mahdia,TS21,Centre-est,TS2,Centre,0,"70,7",(1) moins de 10 000,"173,5","76,5",10654,"0,19",3355,33,460,26194
TN336,TN236,Esouassi,TS2135,السواسي,TS213,Mahdia,TS21,Centre-est,TS2,Centre,0,"45,4",(1) moins de 10 000,"168,4","60,4",50424,"0,264",3356,33,2556,26194
TN337,TN237,El Djem,TS2136,الجم,TS213,Mahdia,TS21,Centre-est,TS2,Centre,0,"31,4",(3) 20-50000,"177,8","64,8",48611,"0,327",3357,33,3891,26194
TN338,TN238,Chebba,TS2137,الشابة,TS213,Mahdia,TS21,Centre-est,TS2,Centre,0,"32,7",(3) 20-50000,"198,1","66,4",24515,"0,392",3358,33,1858,26194
TN339,TN239,Meloulech,TS2138,ملولش,TS213,Mahdia,TS21,Centre-est,TS2,Centre,0,"38,1",(1) moins de 10 000,"201,5","56,8",22085,"0,259",3359,33,815,26194
TN33A,TN23A,Sidi Alouane,TS2139,سيدي علوان,TS213,Mahdia,TS21,Centre-est,TS2,Centre,0,"24,8",(1) moins de 10 000,"184,1","67,8",37767,"0,265",3360,33,1932,26194
TN33B,TN23B,Ksour Essef,TS213A,قصور الساف,TS213,Mahdia,TS21,Centre-est,TS2,Centre,0,"15,2",(3) 20-50000,"180,1","66,9",54366,"0,342",3361,33,3777,26194
TN341,TN241,Sfax Ville,TS2140,صفاقس المدينة,TS214,Sfax,TS21,Centre-est,TS2,Centre,1,1,(5) 100 000-1 000 000,"240,3",5,101176,"0,555",3451,34,34820,81430
TN342,TN242,Sfax Ouest,TS2141,صفاقس الغربية,TS214,Sfax,TS21,Centre-est,TS2,Centre,0,"4,4",(5) 100 000-1 000 000,"241,3","8,4",110125,"0,572",3452,34,803,81430
TN343,TN243,Sakiet Ezzit,TS2142,ساقية الزيت,TS214,Sfax,TS21,Centre-est,TS2,Centre,0,"15,7",(5) 100 000-1 000 000,"225,7","19,7",87512,"0,478",3453,34,8685,81430
TN344,TN244,Sakiet Eddair,TS2143,ساقية الدائر,TS214,Sfax,TS21,Centre-est,TS2,Centre,0,11,(5) 100 000-1 000 000,"232,7",15,113776,"0,465",3454,34,5906,81430
TN345,TN245,Sfax Sud,TS2144,صفاقس الجنوبية,TS214,Sfax,TS21,Centre-est,TS2,Centre,0,"12,8",(5) 100 000-1 000 000,"230,6","16,8",119139,"0,449",3455,34,13861,81430
TN346,TN246,Tina,TS2145,طينة,TS214,Sfax,TS21,Centre-est,TS2,Centre,0,"11,8",(5) 100 000-1 000 000,"245,3","15,8",62997,"0,441",3456,34,1321,81430
TN347,TN247,Agareb,TS2146,عقارب,TS214,Sfax,TS21,Centre-est,TS2,Centre,0,"30,1",(2) 10-20 000,"236,3","34,1",40943,"0,292",3457,34,1835,81430
TN348,TN248,Djbeniana,TS2147,جبنيانة,TS214,Sfax,TS21,Centre-est,TS2,Centre,0,"39,7",(1) moins de 10 000,"209,3","43,7",49678,"0,3",3458,34,2968,81430
TN349,TN249,EL Amra,TS2148,العامرة,TS214,Sfax,TS21,Centre-est,TS2,Centre,0,"23,9",(1) moins de 10 000,"223,2","27,9",30599,"0,3",3459,34,1217,81430
TN34A,TN24A,El Hencha,TS2149,الحنشة,TS214,Sfax,TS21,Centre-est,TS2,Centre,0,"42,6",(1) moins de 10 000,"199,2","46,6",49223,"0,253",3460,34,2020,81430
TN34B,TN24B,Menzel Chaker,TS214A,منزل شاكر,TS214,Sfax,TS21,Centre-est,TS2,Centre,0,"46,7",(1) moins de 10 000,207,"50,7",37368,"0,332",3461,34,1301,81430
TN34C,TN24C,Ghraiba,TS214B,الغريبة,TS214,Sfax,TS21,Centre-est,TS2,Centre,0,59,(1) moins de 10 000,"262,8",63,15776,"0,176",3462,34,629,81430
TN34D,TN24D,Bir Ali Ben khlifa,TS214C,بئر علي بن خليفة,TS214,Sfax,TS21,Centre-est,TS2,Centre,0,"64,7",(1) moins de 10 000,"237,4","68,7",52678,"0,186",3463,34,1957,81430
TN34E,TN24E,Skhira,TS214D,الصخيرة,TS214,Sfax,TS21,Centre-est,TS2,Centre,0,"89,8",(1) moins de 10 000,"281,6",58,34673,"0,246",3464,34,1502,81430
TN34F,TN24F,Mahres,TS214E,المحرس,TS214,Sfax,TS21,Centre-est,TS2,Centre,0,39,(2) 10-20 000,"258,9",43,34257,"0,347",3465,34,2339,81430
TN34G,TN24G,Kerkenah,TS214F,قرقنة,TS214,Sfax,TS21,Centre-est,TS2,Centre,0,41,(2) 10-20 000,257,45,15501,"0,379",3466,34,266,81430
TN411,TN251,Kairaouan Nord,TS2210,القبروان الشمالية,TS221,Kairouan,TS22,Centre-ouest,TS2,Centre,1,1,(5) 100 000-1 000 000,"120,9","56,6",96781,"0,369",4151,41,984,27421
TN412,TN252,Kairouan Sud,TS2211,القيروان الجنوبية,TS221,Kairouan,TS22,Centre-ouest,TS2,Centre,0,"19,7",(5) 100 000-1 000 000,"139,3","61,1",93101,"0,355",4152,41,12696,27421
TN413,TN253,Echbika,TS2212,الشبيكة,TS221,Kairouan,TS22,Centre-ouest,TS2,Centre,0,"21,3",(1) moins de 10 000,"134,1","75,8",35308,"0,208",4153,41,1198,27421
TN414,TN254,Sebikha,TS2213,السبيخة,TS221,Kairouan,TS22,Centre-ouest,TS2,Centre,0,"24,8",(1) moins de 10 000,"98,5","63,3",71922,"0,209",4154,41,2135,27421
TN415,TN255,El  Oueslatia,TS2214,الوسلاتية,TS221,Kairouan,TS22,Centre-ouest,TS2,Centre,0,"42,7",(1) moins de 10 000,"114,4","94,4",34452,"0,141",4155,41,1310,27421
TN416,TN256,Haffouz,TS2215,حفوز,TS221,Kairouan,TS22,Centre-ouest,TS2,Centre,0,"45,6",(1) moins de 10 000,"152,1","99,3",40066,"0,208",4156,41,1695,27421
TN417,TN257,El Alâa,TS2216,العلاء,TS221,Kairouan,TS22,Centre-ouest,TS2,Centre,0,"48,6",(1) moins de 10 000,"140,7","104,2",28991,"0,092",4157,41,1032,27421
TN418,TN258,Hajeb El Ayoun,TS2217,حاجب العيون,TS221,Kairouan,TS22,Centre-ouest,TS2,Centre,0,62,(2) 10-20 000,"166,9","114,8",36137,"0,196",4158,41,1282,27421
TN419,TN259,Nasrallah,TS2218,نصرالله,TS221,Kairouan,TS22,Centre-ouest,TS2,Centre,0,"56,3",(1) moins de 10 000,"172,6","101,7",33789,"0,172",4159,41,1236,27421
TN41A,TN25A,Echrarda,TS2219,الشراردة,TS221,Kairouan,TS22,Centre-ouest,TS2,Centre,0,"66,5",(1) moins de 10 000,"186,4","86,7",27518,"0,189",4160,41,1265,27421
TN41B,TN25B,Bouhajla,TS221A,بوحجلة,TS221,Kairouan,TS22,Centre-ouest,TS2,Centre,0,"43,8",(1) moins de 10 000,"163,6","80,2",72371,"0,155",4161,41,2588,27421
TN421,TN261,Kasserine Nord,TS2220,القصرين الشمالية,TS222,Kasserine,TS22,Centre-ouest,TS2,Centre,1,1,(4) 50-100 000,224,194,65322,"0,437",4251,42,6164,17681
TN422,TN262,Kasserine Sud,TS2221,القصرين الجنوبية,TS222,Kasserine,TS22,Centre-ouest,TS2,Centre,0,"12,4",(4) 50-100 000,234,195,21653,"0,095",4252,42,393,17681
TN423,TN263,Ezzouhour,TS2222,الزهور,TS222,Kasserine,TS22,Centre-ouest,TS2,Centre,0,"9,4",(4) 50-100 000,"226,3","191,8",21819,"0,185",4253,42,190,17681
TN424,TN264,Hassi ferid,TS2223,حاسي الفريد,TS222,Kasserine,TS22,Centre-ouest,TS2,Centre,0,"32,4",(1) moins de 10 000,"239,8","172,1",19400,0,4254,42,155,17681
TN425,TN265,Sebeitla,TS2224,سبيطلة,TS222,Kasserine,TS22,Centre-ouest,TS2,Centre,0,"29,7",(3) 20-50000,"203,8","165,9",75245,"0,213",4255,42,2958,17681
TN426,TN266,Sebiba,TS2225,سبيبة,TS222,Kasserine,TS22,Centre-ouest,TS2,Centre,0,"50,3",(1) moins de 10 000,176,"148,8",41189,"0,115",4256,42,1237,17681
TN427,TN267,Djedeliane,TS2226,جدليان,TS222,Kasserine,TS22,Centre-ouest,TS2,Centre,0,"52,7",(1) moins de 10 000,"176,5","167,8",12297,"0,108",4257,42,210,17681
TN428,TN268,El Ayoun,TS2227,العيون,TS222,Kasserine,TS22,Centre-ouest,TS2,Centre,0,"36,6",(1) moins de 10 000,"190,4","173,2",19211,"0,005",4258,42,431,17681
TN429,TN269,Thalla,TS2228,تالة,TS222,Kasserine,TS22,Centre-ouest,TS2,Centre,0,"43,2",(2) 10-20 000,"196,9","189,7",37128,"0,144",4259,42,1121,17681
TN42A,TN26A,Hidra,TS2229,حيدرة,TS222,Kasserine,TS22,Centre-ouest,TS2,Centre,0,"49,4",(1) moins de 10 000,"213,1","210,2",9762,"0,078",4260,42,243,17681
TN42B,TN26B,Foussana,TS222A,فوسانة,TS222,Kasserine,TS22,Centre-ouest,TS2,Centre,0,"27,6",(1) moins de 10 000,"227,7",211,41447,"0,112",4261,42,1616,17681
TN42C,TN26C,Feriana,TS222B,فريانة,TS222,Kasserine,TS22,Centre-ouest,TS2,Centre,0,"37,5",(3) 20-50000,259,"208,1",51455,"0,177",4262,42,2204,17681
TN42D,TN26D,Majel Bel Abbès,TS222C,ماجل بلعباس,TS222,Kasserine,TS22,Centre-ouest,TS2,Centre,0,"54,2",(1) moins de 10 000,"276,5","187,5",23315,"0,044",4263,42,759,17681
TN431,TN271,Sidi Bouzid Ouest,TS2230,سيدي بوزيد الغربية,TS223,Sidi Bou Zid,TS22,Centre-ouest,TS2,Centre,1,1,(3) 20-50000,"214,7","137,7",73226,"0,309",4351,43,3014,18255
TN432,TN272,Sidi Bouzid Est,TS2231,سيدي بوزيد الشرقية,TS223,Sidi Bou Zid,TS22,Centre-ouest,TS2,Centre,0,"19,1",(3) 20-50000,"201,7","124,8",49450,"0,231",4352,43,4508,18255
TN433,TN273,Jilma,TS2232,جلمة,TS223,Sidi Bou Zid,TS22,Centre-ouest,TS2,Centre,0,"39,3",(1) moins de 10 000,180,"134,1",40239,"0,123",4353,43,1424,18255
TN434,TN274,Cebalit Ouled Asker,TS2233,سبالة اولاد عسكر,TS223,Sidi Bou Zid,TS22,Centre-ouest,TS2,Centre,0,"27,9",(1) moins de 10 000,"198,1","150,7",20382,"0,135",4354,43,935,18255
TN435,TN275,Bir Elhfay,TS2234,بئر الحفي,TS223,Sidi Bou Zid,TS22,Centre-ouest,TS2,Centre,0,"18,8",(1) moins de 10 000,"230,7","147,3",38288,"0,165",4355,43,1519,18255
TN436,TN276,Sidi Ali Ben Aoun,TS2235,سيدي علي بوعون,TS223,Sidi Bou Zid,TS22,Centre-ouest,TS2,Centre,0,"39,6",(1) moins de 10 000,"249,5",146,28214,"0,158",4356,43,823,18255
TN437,TN277,Menzel Bouzaine,TS2236,منزل بوزيان,TS223,Sidi Bou Zid,TS22,Centre-ouest,TS2,Centre,0,"45,7",(1) moins de 10 000,"257,4","113,8",25321,"0,112",4357,43,598,18255
TN438,TN278,Meknassy,TS2237,مكناسي,TS223,Sidi Bou Zid,TS22,Centre-ouest,TS2,Centre,0,"50,2",(2) 10-20 000,"252,8","102,3",23789,"0,163",4358,43,995,18255
TN439,TN279,Souk Jdid,TS2238,سوق الجديد,TS223,Sidi Bou Zid,TS22,Centre-ouest,TS2,Centre,0,"24,4",(1) moins de 10 000,"228,3","120,5",21660,"0,042",4359,43,810,18255
TN43A,TN27A,Mezzouna,TS2239,مزونة,TS223,Sidi Bou Zid,TS22,Centre-ouest,TS2,Centre,0,"72,7",(1) moins de 10 000,"267,4","79,7",24766,"0,16",4360,43,845,18255
TN43B,TN27B,Rgueb,TS223A,رقاب,TS223,Sidi Bou Zid,TS22,Centre-ouest,TS2,Centre,0,"45,4",(1) moins de 10 000,"222,5","94,4",64998,"0,211",4361,43,2087,18255
TN43C,TN27C,Ouled Haffouz,TS223B,اولاد حفوز,TS223,Sidi Bou Zid,TS22,Centre-ouest,TS2,Centre,0,"42,5",(1) moins de 10 000,"196,9","101,5",19579,"0,164",4362,43,697,18255
TN511,TN311,Gabes Medina,TS3110,قابس المدينة,TS311,Gabes,TS31,Sud-est,TS3,Sud,1,1,(5) 100 000-1 000 000,"332,6",5,46731,"0,381",5151,51,5975,21657
TN512,TN312,Gabes Ouest,TS3111,قابس الغربية,TS311,Gabes,TS31,Sud-est,TS3,Sud,0,"12,6",(5) 100 000-1 000 000,"338,3","16,6",31768,"0,345",5152,51,1778,21657
TN513,TN313,Gabes Sud,TS3112,قابس الجنوبية,TS311,Gabes,TS31,Sud-est,TS3,Sud,0,"11,1",(5) 100 000-1 000 000,"342,7","15,1",74422,"0,404",5153,51,3716,21657
TN514,TN314,Ghannouch,TS3113,غنوش,TS311,Gabes,TS31,Sud-est,TS3,Sud,0,"8,1",(3) 20-50000,"326,9","12,1",28051,"0,312",5154,51,1248,21657
TN515,TN315,ElMetouia,TS3114,المطوية,TS311,Gabes,TS31,Sud-est,TS3,Sud,0,"22,9",(2) 10-20 000,"315,1","26,9",27878,"0,309",5155,51,1568,21657
TN516,TN316,Menzel El Habib,TS3115,منزل الحبيب,TS311,Gabes,TS31,Sud-est,TS3,Sud,0,"55,2",(1) moins de 10 000,"305,2","59,2",10148,"0,172",5156,51,284,21657
TN517,TN317,EL Hamma,TS3116,الحامة,TS311,Gabes,TS31,Sud-est,TS3,Sud,0,"51,1",(3) 20-50000,"337,8","55,1",73512,"0,222",5157,51,3013,21657
TN518,TN318,Matmata,TS3117,مطماطة,TS311,Gabes,TS31,Sud-est,TS3,Sud,0,"58,7",(1) moins de 10 000,384,"62,7",4444,"0,171",5158,51,166,21657
TN519,TN319,La Nouvelle matmata,TS3118,مطماطة الجديدة,TS311,Gabes,TS31,Sud-est,TS3,Sud,0,"34,5",(1) moins de 10 000,"362,3","38,5",14224,"0,151",5159,51,692,21657
TN51A,TN31A,Mareth,TS3119,مارث,TS311,Gabes,TS31,Sud-est,TS3,Sud,0,"37,6",(2) 10-20 000,"367,6","41,6",63122,"0,239",5160,51,3217,21657
TN521,TN321,Medenine Nord,TS3120,مدنين الشمالية,TS312,Medenine,TS31,Sud-est,TS3,Sud,1,1,(4) 50-100 000,"386,2","64,7",54769,"0,322",5251,52,5513,35797
TN522,TN322,Medenine Sud,TS3121,مدنين الجنوبية,TS312,Medenine,TS31,Sud-est,TS3,Sud,0,"25,1",(4) 50-100 000,"390,1","41,4",54640,"0,298",5252,52,2625,35797
TN523,TN323,Beni Khadech,TS3122,بني خداش,TS312,Medenine,TS31,Sud-est,TS3,Sud,0,"32,7",(1) moins de 10 000,"403,3","75,7",25885,"0,139",5253,52,704,35797
TN524,TN324,Ben Guerdane,TS3123,بن قردان,TS312,Medenine,TS31,Sud-est,TS3,Sud,0,"99,6",(4) 50-100 000,"453,8","70,5",79912,"0,273",5254,52,4183,35797
TN525,TN325,Zarzis,TS3124,جرجيس,TS312,Medenine,TS31,Sud-est,TS3,Sud,0,"60,9",(4) 50-100 000,"388,7",5,75382,"0,365",5255,52,8611,35797
TN526,TN326,Djerba Houmet Souk,TS3125,جربة حومة السوق,TS312,Medenine,TS31,Sud-est,TS3,Sud,0,"67,5",(5) 100 000-1 000 000,344,50,75904,"0,437",5256,52,7156,35797
TN527,TN327,Djerba Midoun,TS3126,جربة ميدون,TS312,Medenine,TS31,Sud-est,TS3,Sud,0,"68,3",(5) 100 000-1 000 000,"355,3","38,5",63528,"0,39",5257,52,4843,35797
TN528,TN328,Djerba Ajim,TS3127,جربة أجيم,TS312,Medenine,TS31,Sud-est,TS3,Sud,0,"57,1",(3) 20-50000,"352,3","43,4",24294,"0,278",5258,52,1553,35797
TN529,TN329,Sidi Makhlouf,TS3128,سيدي مخلوف,TS312,Medenine,TS31,Sud-est,TS3,Sud,0,"23,1",(1) moins de 10 000,"371,5","50,5",25206,"0,152",5259,52,609,35797
TN531,TN331,Tataouine Nord,TS3130,تطاوين الشمالية,TS313,Tataouine,TS31,Sud-est,TS3,Sud,1,1,(4) 50-100 000,"464,8","91,3",61431,"0,234",5351,53,6051,9036
TN532,TN332,Tataouine Sud,TS3131,تطاوين الجنوبية,TS313,Tataouine,TS31,Sud-est,TS3,Sud,0,"53,3",(4) 50-100 000,"451,5","111,8",34344,"0,19",5352,53,572,9036
TN533,TN333,Smar,TS3132,الصمار,TS313,Tataouine,TS31,Sud-est,TS3,Sud,0,"28,9",(1) moins de 10 000,463,"80,9",14793,"0,122",5353,53,663,9036
TN534,TN334,Bir  Lahmar,TS3133,بئر الأحمر,TS313,Tataouine,TS31,Sud-est,TS3,Sud,0,"58,6",(1) moins de 10 000,"409,6","62,4",8460,"0,192",5354,53,373,9036
TN535,TN335,Ghomrassen,TS3134,غمراسن,TS313,Tataouine,TS31,Sud-est,TS3,Sud,0,60,(2) 10-20 000,"420,8","86,3",15957,"0,167",5355,53,815,9036
TN536,TN336,Dhehiba,TS3135,ذهيبة,TS313,Tataouine,TS31,Sud-est,TS3,Sud,0,"90,7",(1) moins de 10 000,"551,3","180,5",4295,"0,109",5356,53,234,9036
TN537,TN337,Remeda,TS3136,رمادة,TS313,Tataouine,TS31,Sud-est,TS3,Sud,0,"147,4",(1) moins de 10 000,"572,1","233,3",10173,"0,208",5357,53,328,9036
TN611,TN341,Gafsa Nord,TS3210,قفصة الشمالية,TS321,Gafsa,TS32,Sud-ouest,TS3,Sud,1,1,(5) 100 000-1 000 000,"281,4","141,2",10022,"0,132",6151,61,476,14902
TN612,TN342,Sidi Aich,TS3211,سيدي عيش,TS321,Gafsa,TS32,Sud-ouest,TS3,Sud,0,"19,1",(1) moins de 10 000,"274,9","158,9",10084,"0,146",6152,61,258,14902
TN613,TN343,El ksar,TS3212,القصر,TS321,Gafsa,TS32,Sud-ouest,TS3,Sud,0,"25,1",(5) 100 000-1 000 000,"305,4","141,1",36482,"0,25",6153,61,2004,14902
TN614,TN344,Gafsa Sud,TS3213,قفصة الجنوبية,TS321,Gafsa,TS32,Sud-ouest,TS3,Sud,0,"30,4",(5) 100 000-1 000 000,"302,3","160,8",101148,"0,369",6154,61,7191,14902
TN615,TN345,Om EL Araies,TS3214,أم العرايس,TS321,Gafsa,TS32,Sud-ouest,TS3,Sud,0,"55,3",(3) 20-50000,"306,9","189,1",27012,"0,143",6155,61,665,14902
TN616,TN346,Redeyef,TS3215,الرديف,TS321,Gafsa,TS32,Sud-ouest,TS3,Sud,0,"75,1",(3) 20-50000,"333,6","197,8",26976,"0,194",6156,61,484,14902
TN617,TN347,Metlaoui,TS3216,المتلوي,TS321,Gafsa,TS32,Sud-ouest,TS3,Sud,0,"58,2",(3) 20-50000,"330,4","173,1",38634,"0,206",6157,61,1057,14902
TN618,TN348,Mdhila,TS3217,المظيلة,TS321,Gafsa,TS32,Sud-ouest,TS3,Sud,0,"46,3",(2) 10-20 000,"326,4","145,9",15306,"0,118",6158,61,470,14902
TN619,TN349,El Gtar,TS3218,القطار,TS321,Gafsa,TS32,Sud-ouest,TS3,Sud,0,"34,3",(2) 10-20 000,"308,6","119,3",20137,"0,144",6159,61,942,14902
TN61A,TN34A,Belkhir,TS3219,بلخير,TS321,Gafsa,TS32,Sud-ouest,TS3,Sud,0,"50,2",(1) moins de 10 000,"289,5","92,3",14784,"0,073",6160,61,356,14902
TN61B,TN34B,Sned,TS321A,السند,TS321,Gafsa,TS32,Sud-ouest,TS3,Sud,0,"22,4",(1) moins de 10 000,"275,2","122,9",36746,"0,104",6161,61,999,14902
TN621,TN351,Tozeur,TS3220,توزر,TS322,Tozeur,TS32,Sud-ouest,TS3,Sud,1,1,(3) 20-50000,"381,7","195,2",46422,"0,335",6251,62,3615,6809
TN622,TN352,Degach,TS3221,دقاش,TS322,Tozeur,TS32,Sud-ouest,TS3,Sud,0,"23,9",(1) moins de 10 000,360,"179,3",28543,"0,2",6252,62,1800,6809
TN623,TN353,Tameghza,TS3222,تمغزة,TS322,Tozeur,TS32,Sud-ouest,TS3,Sud,0,"48,7",(1) moins de 10 000,358,"221,5",6516,"0,112",6253,62,237,6809
TN624,TN354,Nafta,TS3223,نفطة,TS322,Tozeur,TS32,Sud-ouest,TS3,Sud,0,"23,2",(3) 20-50000,"398,9","216,2",21731,"0,269",6254,62,953,6809
TN625,TN355,Hazoua,TS3224,حزوة,TS322,Tozeur,TS32,Sud-ouest,TS3,Sud,0,"46,1",(1) moins de 10 000,"418,2","237,5",4700,"0,18",6255,62,204,6809
TN631,TN361,Kebeli Sud,TS3230,قبلي الجنوبية,TS323,Kebili,TS32,Sud-ouest,TS3,Sud,1,1,(2) 10-20 000,"377,7","109,5",30447,"0,294",6351,63,4019,10163
TN632,TN362,Kebeli Nord,TS3231,قبلي الشمالية,TS323,Kebili,TS32,Sud-ouest,TS3,Sud,0,"16,6",(2) 10-20 000,"362,1","101,2",31854,"0,311",6352,63,837,10163
TN633,TN363,Souk El Ahed,TS3232,سوق الأحد,TS323,Kebili,TS32,Sud-ouest,TS3,Sud,0,42,(2) 10-20 000,"347,7","122,4",27865,"0,197",6353,63,1935,10163
TN634,TN364,Douz Nord,TS3233,دوز الشمالية,TS323,Kebili,TS32,Sud-ouest,TS3,Sud,0,"35,8",(3) 20-50000,404,"109,6",28617,"0,26",6354,63,1477,10163
TN635,TN365,Douz Sud,TS3234,دوز الجنوبية,TS323,Kebili,TS32,Sud-ouest,TS3,Sud,0,"86,4",(3) 20-50000,"444,5","128,6",18565,"0,215",6355,63,1339,10163
TN636,TN366,Faouar,TS3235,الفوار,TS323,Kebili,TS32,Sud-ouest,TS3,Sud,0,"78,6",(1) moins de 10 000,"443,5","183,9",19613,"0,178",6356,63,556,10163
